Address,Rooms,Area,Towards,Floor,Decorate,Feature,TotalPrice,Price
东和时代-中兴二手房出售-江晖路1930号,1室1厅1卫,42㎡,南北向,高层（共29层）,精装修,距离1号线江陵路977米电梯房新上房源,155万元,36904元/㎡
"中赢康康谷-中兴二手房出售-春晓路,近滨兴路",2室2厅2卫,43㎡,南向,中层（共29层）,精装修,距离1号线滨和路566米满五年电梯房新上房源,150万元,34883元/㎡
中赢云际-中兴二手房出售-江晖路1062号,2室2厅2卫,42㎡,南向,中层（共20层）,精装修,距离1号线滨和路748米满五唯一电梯房新上房源,170万元,40476元/㎡
"中国铁建江南...-西兴二手房出售-金城路,近风情大道",3室2厅2卫,87㎡,南北向,低层（共34层）,简单装修,距离1号线滨康路962米满五唯一电梯房新上房源,400万元,45662元/㎡
"江滨澜廷-中兴二手房出售-闻涛路,近江陵路",1室2厅1卫,59㎡,南北向,低层（共12层）,精装修,距离1号线江陵路849米满五唯一电梯房新上房源,205万元,34745元/㎡
"杭州印-中兴二手房出售-闻涛路,近江晖路",5室2厅2卫,277㎡,南北向,中层（共36层）,精装修,距离1号线江陵路1089米满五唯一电梯房新上房源,710万元,25631元/㎡
钱塘玫瑰湾-浦沿二手房出售-滨文路,3室2厅2卫,89㎡,南北向,低层（共18层）,毛坯,距离4号线杨家墩685米满五唯一电梯房新上房源,340万元,37861元/㎡
中赢云际-中兴二手房出售-江晖路1062号,2室1厅2卫,50㎡,南向,中层（共29层）,豪华装修,距离1号线滨和路748米满五唯一电梯房新上房源,215万元,43000元/㎡
中南白马湖壹...-长河二手房出售-时代大道,4室2厅2卫,89㎡,南北向,中层（共23层）,精装修,满五唯一电梯房新上房源,285万元,32022元/㎡
"中赢康康谷-中兴二手房出售-春晓路,近滨兴路",1室1厅1卫,60㎡,南向,共1层,精装修,距离1号线滨和路566米满五唯一新上房源,232万元,38666元/㎡
中赢云际-中兴二手房出售-江晖路1062号,2室2厅2卫,45㎡,南北向,高层（共19层）,精装修,距离1号线滨和路748米满五唯一电梯房新上房源,180万元,40000元/㎡
"恒鼎博邑郡-长河二手房出售-滨康路,近时代大道",2室2厅1卫,42㎡,东南向,中层（共29层）,精装修,唯一住房电梯房新上房源,145万元,34523元/㎡
中赢云际-中兴二手房出售-江晖路1062号,2室2厅2卫,50㎡,南北向,高层（共28层）,精装修,距离1号线滨和路748米唯一住房电梯房新上房源,200万元,40000元/㎡
"积家(商住楼...-彩虹城二手房出售-浦沿路,近东信大道",2室2厅1卫,38㎡,南向,高层（共18层）,精装修,距离4号线中医药大学197米电梯房新上房源,92万元,24210元/㎡
现代印象广场-长河二手房出售-江南大道3399号,1室1厅1卫,45㎡,南向,中层（共30层）,精装修,满五唯一电梯房新上房源,60万元,13333元/㎡
中赢云际-中兴二手房出售-江晖路1062号,2室2厅1卫,50㎡,南向,中层（共18层）,精装修,距离1号线滨和路748米满五唯一电梯房新上房源,210万元,42000元/㎡
中赢云际-中兴二手房出售-江晖路1062号,2室1厅1卫,50㎡,南北向,中层（共19层）,简单装修,距离1号线滨和路748米满五唯一电梯房新上房源,189.5万元,37900元/㎡
世茂之西湖茂...-彩虹城二手房出售-江南大道,1室1厅1卫,37㎡,南向,中层（共23层）,精装修,距离4号线联庄486米满五唯一电梯房新上房源,105万元,28286元/㎡
"中赢康康谷-中兴二手房出售-春晓路,近滨兴路",2室1厅1卫,45㎡,南向,高层（共12层）,精装修,距离1号线滨和路566米满五唯一电梯房新上房源,139万元,30888元/㎡
中赢云际-中兴二手房出售-江晖路1062号,2室2厅2卫,42㎡,南北向,中层（共20层）,精装修,距离1号线滨和路748米满五唯一电梯房新上房源,170万元,40476元/㎡
兴耀鑫都汇-西兴二手房出售-滨康路,2室2厅2卫,45㎡,北向,高层（共22层）,精装修,距离1号线西兴514米电梯房新上房源,125万元,27777元/㎡
中赢云际-中兴二手房出售-江晖路1062号,2室2厅2卫,52㎡,南向,中层（共18层）,精装修,距离1号线滨和路748米满五唯一电梯房新上房源,236万元,45384元/㎡
中赢云际-中兴二手房出售-江晖路1062号,2室2厅2卫,45㎡,南北向,高层（共19层）,精装修,距离1号线滨和路748米满二唯一新上房源,186万元,41333元/㎡
中赢云际-中兴二手房出售-江晖路1062号,2室2厅2卫,51㎡,北向,中层（共19层）,精装修,距离1号线滨和路748米满五唯一电梯房新上房源,220万元,43137元/㎡
江南星座-中兴二手房出售-春晓路529号,2室2厅2卫,74㎡,南向,高层（共25层）,精装修,距离1号线江陵路729米满五唯一电梯房新上房源,105万元,14189元/㎡
星耀城-中兴二手房出售-江陵路2028号,2室2厅2卫,42㎡,南向,中层（共29层）,精装修,距离1号线江陵路439米满五唯一电梯房新上房源,115万元,27380元/㎡
中赢云际-中兴二手房出售-江晖路1062号,2室2厅1卫,50㎡,南向,中层（共18层）,精装修,距离1号线滨和路748米满五唯一电梯房新上房源,210万元,42000元/㎡
东和时代-中兴二手房出售-江晖路1930号,2室2厅2卫,53㎡,南向,低层（共29层）,精装修,距离1号线江陵路977米满五唯一电梯房新上房源,145万元,27358元/㎡
中赢云际-中兴二手房出售-江晖路1062号,2室2厅2卫,42㎡,南北向,高层（共29层）,精装修,距离1号线滨和路748米满五唯一电梯房新上房源,150万元,35714元/㎡
"钱塘之星-中兴二手房出售-江南大道,近西兴路",2室2厅1卫,42㎡,南北向,中层（共18层）,精装修,距离1号线江陵路990米满五唯一电梯房新上房源,120万元,28571元/㎡
"杭州印-中兴二手房出售-闻涛路,近江晖路",1室1厅1卫,50㎡,南北向,高层（共28层）,精装修,距离1号线江陵路1089米满五唯一电梯房新上房源,145万元,29000元/㎡
星耀城-中兴二手房出售-江陵路2028号,3室2厅2卫,80㎡,南向,低层（共25层）,豪华装修,距离1号线江陵路439米满两年电梯房新上房源,300万元,37500元/㎡
中赢云际-中兴二手房出售-江晖路1062号,2室2厅2卫,50㎡,南向,中层（共18层）,精装修,距离1号线滨和路748米满五唯一电梯房新上房源,180万元,36000元/㎡
观邸国际-其他二手房出售-新和路167号,4室2厅2卫,230㎡,南向,中层（共26层）,毛坯,距离4号线中医药大学1358米满五唯一电梯房新上房源,650万元,28260元/㎡
星耀城-中兴二手房出售-江陵路2028号,3室2厅2卫,80㎡,南向,低层（共25层）,豪华装修,距离1号线江陵路439米满两年电梯房新上房源,300万元,37500元/㎡
星耀城-中兴二手房出售-江陵路2028号,3室2厅2卫,63㎡,东向,中层（共20层）,精装修,距离1号线江陵路439米满二唯一电梯房新上房源,255万元,40476元/㎡
星耀城-中兴二手房出售-江陵路2028号,3室2厅2卫,63㎡,东向,中层（共20层）,精装修,距离1号线江陵路439米满二唯一电梯房新上房源,255万元,40476元/㎡
"江滨澜廷-中兴二手房出售-闻涛路,近江陵路",2室2厅1卫,42㎡,南向,高层（共15层）,精装修,距离1号线江陵路849米电梯房新上房源,120万元,28571元/㎡
中赢云际-中兴二手房出售-江晖路1062号,2室2厅2卫,45㎡,南向,高层（共20层）,精装修,距离1号线滨和路748米唯一住房电梯房新上房源,220万元,48888元/㎡
积家(公寓)-浦沿二手房出售-浦沿路789号,4室3厅2卫,58㎡,东南向,中层（共16层）,精装修,距离4号线中医药大学210米满二唯一新上房源,139万元,23965元/㎡
积家(公寓)-浦沿二手房出售-浦沿路789号,4室3厅2卫,58㎡,东南向,中层（共16层）,精装修,距离4号线中医药大学210米满二唯一新上房源,139万元,23965元/㎡
中赢云际-中兴二手房出售-江晖路1062号,2室2厅1卫,50㎡,南向,低层（共20层）,豪华装修,距离1号线滨和路748米满五唯一电梯房新上房源,240万元,48000元/㎡
"中赢康康谷-中兴二手房出售-春晓路,近滨兴路",2室2厅2卫,43㎡,南向,中层（共29层）,精装修,距离1号线滨和路566米满五年电梯房新上房源,150万元,34883元/㎡
中赢云际-中兴二手房出售-江晖路1062号,2室2厅2卫,45㎡,南向,高层（共20层）,精装修,距离1号线滨和路748米唯一住房电梯房新上房源,220万元,48888元/㎡
中赢云际-中兴二手房出售-江晖路1062号,2室2厅2卫,45㎡,南向,高层（共20层）,精装修,距离1号线滨和路748米唯一住房电梯房新上房源,220万元,48888元/㎡
钱塘玫瑰湾-浦沿二手房出售-滨文路,3室2厅2卫,89㎡,南北向,中层（共18层）,精装修,距离4号线杨家墩685米满五唯一电梯房新上房源,320万元,35955元/㎡
海威新界-中兴二手房出售-物联网街330号,2室2厅1卫,42㎡,南向,中层（共12层）,精装修,距离1号线江陵路856米满五唯一电梯房新上房源,135万元,32142元/㎡
"钱塘大观-浦沿二手房出售-闻涛路,近新和路",2室2厅1卫,89㎡,南北向,高层（共32层）,精装修,满五唯一电梯房新上房源,288万元,32359元/㎡
海威新界-中兴二手房出售-物联网街330号,2室2厅1卫,42㎡,南向,中层（共12层）,精装修,距离1号线江陵路856米满五唯一电梯房新上房源,135万元,32142元/㎡
东和时代-中兴二手房出售-江晖路1930号,2室2厅1卫,42㎡,南向,中层（共12层）,精装修,距离1号线江陵路977米满五唯一电梯房新上房源,135万元,32142元/㎡
东和时代-中兴二手房出售-江晖路1930号,2室2厅1卫,42㎡,东南向,中层（共29层）,精装修,距离1号线江陵路977米满五唯一电梯房新上房源,160万元,38095元/㎡
钱塘玫瑰湾-浦沿二手房出售-滨文路,3室2厅2卫,89㎡,南北向,中层（共18层）,精装修,距离4号线杨家墩685米满五唯一电梯房新上房源,328万元,36853元/㎡
高润云杉郡-彩虹城二手房出售-火炬大道,2室2厅1卫,42㎡,南向,中层（共12层）,精装修,满五唯一电梯房新上房源,135万元,32142元/㎡
东和时代-中兴二手房出售-江晖路1930号,2室2厅1卫,42㎡,南向,中层（共12层）,精装修,距离1号线江陵路977米满五唯一电梯房新上房源,135万元,32142元/㎡
钱塘玫瑰湾-浦沿二手房出售-滨文路,3室2厅2卫,89㎡,南北向,低层（共18层）,毛坯,距离4号线杨家墩685米满五唯一电梯房新上房源,348万元,38752元/㎡
"恒鼎博邑郡-长河二手房出售-滨康路,近时代大道",2室2厅2卫,53㎡,东南向,高层（共20层）,简单装修,电梯房新上房源,192万元,35887元/㎡
"杭州印-中兴二手房出售-闻涛路,近江晖路",1室1厅1卫,50㎡,南北向,高层（共28层）,精装修,距离1号线江陵路1089米满五唯一电梯房新上房源,145万元,29000元/㎡
星耀城-中兴二手房出售-江陵路2028号,3室2厅2卫,80㎡,西向,高层（共25层）,精装修,距离1号线江陵路439米唯一住房电梯房新上房源,279万元,34875元/㎡
中赢云际-中兴二手房出售-江晖路1062号,2室2厅2卫,42㎡,南向,中层（共22层）,精装修,距离1号线滨和路748米满五唯一电梯房新上房源,150万元,35714元/㎡
"恒鼎博邑郡-长河二手房出售-滨康路,近时代大道",2室2厅2卫,42㎡,南向,中层（共29层）,精装修,满五唯一电梯房新上房源,159万元,37857元/㎡
"中赢康康谷-中兴二手房出售-春晓路,近滨兴路",2室2厅2卫,43㎡,南向,中层（共29层）,精装修,距离1号线滨和路566米满五年电梯房新上房源,150万元,34883元/㎡
"恒鼎博邑郡-长河二手房出售-滨康路,近时代大道",2室2厅2卫,42㎡,南向,中层（共22层）,精装修,满五唯一电梯房新上房源,148万元,35238元/㎡
中赢云际-中兴二手房出售-江晖路1062号,2室2厅2卫,45㎡,南向,高层（共20层）,精装修,距离1号线滨和路748米唯一住房电梯房新上房源,220万元,48888元/㎡
中赢云际-中兴二手房出售-江晖路1062号,2室2厅2卫,42㎡,南向,中层（共22层）,精装修,距离1号线滨和路748米满五唯一电梯房新上房源,150万元,35714元/㎡
东和时代-中兴二手房出售-江晖路1930号,2室2厅2卫,42㎡,南北向,低层（共29层）,精装修,距离1号线江陵路977米满五唯一电梯房新上房源,161万元,38333元/㎡
中赢云际-中兴二手房出售-江晖路1062号,2室2厅2卫,42㎡,东南向,高层（共13层）,精装修,距离1号线滨和路748米唯一住房电梯房新上房源,183万元,43571元/㎡
东方商务会馆-长河二手房出售-江陵路601号,1室1厅1卫,41㎡,南向,中层（共24层）,精装修,距离1号线西兴352米满二唯一电梯房新上房源,90万元,21951元/㎡
中南白马湖壹...-长河二手房出售-时代大道,4室2厅2卫,89㎡,南北向,中层（共23层）,精装修,满五唯一电梯房新上房源,285万元,32022元/㎡
"恒鼎博邑郡-长河二手房出售-滨康路,近时代大道",2室2厅2卫,42㎡,南向,中层（共29层）,精装修,满五唯一电梯房新上房源,160万元,38095元/㎡
兴耀鑫都汇-西兴二手房出售-滨康路,2室2厅2卫,42㎡,东向,中层（共27层）,精装修,距离1号线西兴514米满五唯一电梯房新上房源,166万元,39523元/㎡
"恒鼎博邑郡-长河二手房出售-滨康路,近时代大道",2室2厅2卫,42㎡,南向,中层（共29层）,精装修,满五唯一电梯房新上房源,159万元,37857元/㎡
"寰宇天下C区-中兴二手房出售-滨盛路,近江陵路",5室3厅5卫,356㎡,南北向,中层（共22层）,简单装修,距离1号线江陵路814米满五唯一电梯房新上房源,1850万元,51966元/㎡
中南白马湖壹...-长河二手房出售-时代大道,4室2厅2卫,89㎡,南北向,中层（共23层）,精装修,满五唯一电梯房新上房源,285万元,32022元/㎡
星耀城-中兴二手房出售-江陵路2028号,3室2厅2卫,80㎡,西向,高层（共25层）,精装修,距离1号线江陵路439米唯一住房电梯房新上房源,279万元,34875元/㎡
兴耀鑫都汇-西兴二手房出售-滨康路,2室2厅2卫,42㎡,东向,中层（共27层）,精装修,距离1号线西兴514米满五唯一电梯房新上房源,166万元,39523元/㎡
东方商务会馆-长河二手房出售-江陵路601号,1室1厅1卫,41㎡,南向,中层（共24层）,精装修,距离1号线西兴352米满二唯一电梯房新上房源,90万元,21951元/㎡
中赢云际-中兴二手房出售-江晖路1062号,2室2厅2卫,42㎡,东南向,高层（共13层）,精装修,距离1号线滨和路748米唯一住房电梯房新上房源,183万元,43571元/㎡
中南白马湖壹...-长河二手房出售-时代大道,2室1厅1卫,56㎡,南北向,中层（共19层）,简单装修,满五唯一电梯房新上房源,152万元,27142元/㎡
中赢云际-中兴二手房出售-江晖路1062号,2室2厅1卫,45㎡,南向,中层（共26层）,精装修,距离1号线滨和路748米满二唯一电梯房新上房源,220万元,48888元/㎡
中赢云际-中兴二手房出售-江晖路1062号,2室2厅2卫,57㎡,南向,高层（共26层）,精装修,距离1号线滨和路748米满二唯一电梯房新上房源,250万元,43859元/㎡
"中赢康康谷-中兴二手房出售-春晓路,近滨兴路",2室2厅2卫,43㎡,南向,中层（共29层）,精装修,距离1号线滨和路566米满五年电梯房新上房源,150万元,34883元/㎡
"绿地旭辉城-西兴二手房出售-长虹路,近滨盛路",2室1厅1卫,60㎡,南北向,中层（共6层）,豪华装修,满五唯一电梯房新上房源,240万元,40000元/㎡
东和时代-中兴二手房出售-江晖路1930号,2室2厅1卫,42㎡,南向,中层（共12层）,精装修,距离1号线江陵路977米满五唯一电梯房新上房源,135万元,32142元/㎡
中南白马湖壹...-长河二手房出售-时代大道,3室2厅2卫,89㎡,南北向,低层（共28层）,豪华装修,满五唯一电梯房新上房源,278万元,31235元/㎡
东和时代-中兴二手房出售-江晖路1930号,2室2厅1卫,42㎡,东南向,共5层,简单装修,距离1号线江陵路977米满五唯一新上房源,160万元,38095元/㎡
兴耀鑫都汇-西兴二手房出售-滨康路,1室2厅1卫,49㎡,西向,高层（共20层）,精装修,距离1号线西兴514米唯一住房电梯房新上房源,155万元,31568元/㎡
东和时代-中兴二手房出售-江晖路1930号,2室2厅2卫,42㎡,南北向,中层（共28层）,精装修,距离1号线江陵路977米满五唯一电梯房新上房源,89万元,21190元/㎡
"恒鼎博邑郡-长河二手房出售-滨康路,近时代大道",2室2厅1卫,42㎡,南向,中层（共12层）,精装修,满五唯一电梯房新上房源,135万元,32142元/㎡
歌山品悦府(...-西兴二手房出售-古塘路32号,4室2厅2卫,138㎡,南北向,共4层,简单装修,距离1号线西兴573米满五唯一新上房源,405万元,29347元/㎡
东和时代-中兴二手房出售-江晖路1930号,2室2厅1卫,42㎡,南北向,低层（共29层）,精装修,距离1号线江陵路977米满五唯一电梯房新上房源,155万元,36904元/㎡
高润云杉郡-彩虹城二手房出售-火炬大道,2室2厅2卫,48㎡,南向,高层（共24层）,精装修,电梯房新上房源,157万元,32708元/㎡
"江滨澜廷-中兴二手房出售-闻涛路,近江陵路",1室2厅1卫,59㎡,南北向,低层（共12层）,精装修,距离1号线江陵路849米满五唯一电梯房新上房源,205万元,34745元/㎡
东和时代-中兴二手房出售-江晖路1930号,2室2厅1卫,42㎡,南向,中层（共12层）,精装修,距离1号线江陵路977米满五唯一电梯房新上房源,135万元,32142元/㎡
东和时代-中兴二手房出售-江晖路1930号,2室2厅1卫,42㎡,南向,中层（共12层）,精装修,距离1号线江陵路977米满五唯一电梯房新上房源,135万元,32142元/㎡
汉峰峰公馆-中兴二手房出售-滨盛路1826号,1室2厅2卫,51㎡,南北向,中层（共22层）,精装修,距离1号线江陵路1161米满五唯一电梯房新上房源,146万元,28627元/㎡
"寰宇天下C区-中兴二手房出售-滨盛路,近江陵路",5室3厅5卫,350㎡,南北向,中层（共22层）,简单装修,距离1号线江陵路814米满五唯一电梯房新上房源,1850万元,52857元/㎡
"中赢康康谷-中兴二手房出售-春晓路,近滨兴路",1室1厅1卫,60㎡,南向,共1层,精装修,距离1号线滨和路566米满五唯一新上房源,232万元,38666元/㎡
星耀城-中兴二手房出售-江陵路2028号,2室2厅2卫,42㎡,南向,高层（共19层）,精装修,距离1号线江陵路439米满五唯一电梯房新上房源,128万元,30476元/㎡
东和时代-中兴二手房出售-江晖路1930号,2室2厅2卫,53㎡,南向,高层（共18层）,豪华装修,距离1号线江陵路977米满五唯一电梯房新上房源,190万元,35849元/㎡
东和时代-中兴二手房出售-江晖路1930号,2室2厅2卫,53㎡,南向,高层（共18层）,精装修,距离1号线江陵路977米满五唯一电梯房新上房源,190万元,35849元/㎡
星耀城-中兴二手房出售-江陵路2028号,2室2厅2卫,42㎡,南向,高层（共19层）,精装修,距离1号线江陵路439米满五唯一电梯房新上房源,129万元,30714元/㎡
"恒鼎博邑郡-长河二手房出售-滨康路,近时代大道",2室2厅2卫,42㎡,南北向,中层（共29层）,精装修,满五唯一电梯房新上房源,135万元,32142元/㎡
中赢云际-中兴二手房出售-江晖路1062号,2室2厅2卫,42㎡,南向,中层（共29层）,精装修,距离1号线滨和路748米满五唯一电梯房新上房源,150万元,35714元/㎡
中赢云际-中兴二手房出售-江晖路1062号,2室1厅2卫,50㎡,南向,中层（共29层）,豪华装修,距离1号线滨和路748米满五唯一电梯房新上房源,215万元,43000元/㎡
东和时代-中兴二手房出售-江晖路1930号,2室2厅2卫,53㎡,南向,高层（共18层）,精装修,距离1号线江陵路977米满五唯一电梯房新上房源,190万元,35849元/㎡
东和时代-中兴二手房出售-江晖路1930号,1室1厅1卫,42㎡,南北向,高层（共29层）,精装修,距离1号线江陵路977米满五唯一电梯房新上房源,155万元,36904元/㎡
兴耀鑫都汇-西兴二手房出售-滨康路,2室2厅2卫,42㎡,东向,中层（共27层）,精装修,距离1号线西兴514米满五唯一电梯房新上房源,166万元,39523元/㎡
长河商厦-长河二手房出售-长江路428号,2室2厅1卫,42㎡,南向,高层（共22层）,精装修,满五唯一电梯房新上房源,135万元,32142元/㎡
"杭州印-中兴二手房出售-闻涛路,近江晖路",1室1厅1卫,48㎡,西向,中层（共39层）,精装修,距离1号线江陵路1089米唯一住房电梯房新上房源,195万元,40206元/㎡
中南白马湖壹...-长河二手房出售-时代大道,2室2厅2卫,50㎡,南北向,高层（共28层）,精装修,满五唯一电梯房新上房源,163万元,32600元/㎡
和顺风尚蓝湾-彩虹城二手房出售-西浦路1569号,2室1厅1卫,45㎡,南向,低层（共18层）,精装修,距离4号线中医药大学1150米满五唯一电梯房新上房源,83万元,18444元/㎡
龙湖春江彼岸-西兴二手房出售-扬帆路,3室2厅2卫,102㎡,南北向,高层（共33层）,精装修,唯一住房电梯房新上房源,650万元,63725元/㎡
东和时代-中兴二手房出售-江晖路1930号,2室2厅1卫,42㎡,东南向,中层（共29层）,精装修,距离1号线江陵路977米唯一住房电梯房新上房源,166万元,39523元/㎡
"恒鼎博邑郡-长河二手房出售-滨康路,近时代大道",2室2厅1卫,47㎡,西向,低层（共26层）,精装修,电梯房新上房源,155万元,32978元/㎡
"恒鼎博邑郡-长河二手房出售-滨康路,近时代大道",2室2厅1卫,42㎡,东南向,中层（共29层）,精装修,电梯房新上房源,136万元,32380元/㎡
星耀城-中兴二手房出售-江陵路2028号,2室2厅2卫,42㎡,南向,低层（共29层）,豪华装修,距离1号线江陵路439米唯一住房电梯房新上房源,168万元,40000元/㎡
江南星座-中兴二手房出售-春晓路529号,2室2厅2卫,48㎡,南向,高层（共20层）,精装修,距离1号线江陵路729米满五唯一电梯房新上房源,155万元,32291元/㎡
"中赢康康谷-中兴二手房出售-春晓路,近滨兴路",2室1厅2卫,48㎡,南北向,高层（共19层）,精装修,距离1号线滨和路566米唯一住房电梯房新上房源,185.6万元,38110元/㎡
高润云杉郡-彩虹城二手房出售-火炬大道,2室2厅2卫,42㎡,南向,中层（共24层）,精装修,满五唯一电梯房新上房源,155万元,36904元/㎡
"世茂智慧之门-中兴二手房出售-江南大道,近风情大道",2室2厅2卫,51㎡,南向,高层（共23层）,精装修,距离1号线江陵路1416米满五唯一电梯房新上房源,150万元,29411元/㎡
中南白马湖壹...-长河二手房出售-时代大道,3室2厅2卫,89㎡,南向,高层（共18层）,毛坯,满五唯一电梯房新上房源,310万元,34831元/㎡
兴耀鑫都汇-西兴二手房出售-滨康路,2室2厅2卫,51㎡,南向,中层（共20层）,精装修,距离1号线西兴514米电梯房新上房源,156万元,30588元/㎡
"恒鼎博邑郡-长河二手房出售-滨康路,近时代大道",2室2厅2卫,42㎡,南北向,中层（共29层）,精装修,电梯房新上房源,160万元,38095元/㎡
世茂之西湖茂...-彩虹城二手房出售-江南大道,1室1厅1卫,34㎡,南北向,中层（共28层）,精装修,距离4号线联庄486米满二唯一电梯房新上房源,98万元,28340元/㎡
东方商务会馆-长河二手房出售-江陵路601号,1室1厅1卫,45㎡,南向,中层（共24层）,精装修,距离1号线西兴352米满二唯一新上房源,98万元,21777元/㎡
"恒鼎博邑郡-长河二手房出售-滨康路,近时代大道",2室2厅2卫,42㎡,南向,低层（共29层）,精装修,满五唯一电梯房新上房源,133万元,31666元/㎡
"中赢康康谷-中兴二手房出售-春晓路,近滨兴路",2室2厅2卫,42㎡,南向,中层（共29层）,简单装修,距离1号线滨和路566米满五唯一电梯房新上房源,153.4万元,36523元/㎡
"金铂湾-中兴二手房出售-闻涛路,近通和路",2室1厅1卫,50㎡,南向,高层（共26层）,精装修,距离1号线江陵路841米满五唯一电梯房新上房源,180万元,36000元/㎡
"中天官河锦庭...-西兴二手房出售-滨康路,近阡陌路",2室2厅2卫,73㎡,南北向,中层（共34层）,精装修,距离1号线西兴472米满五唯一电梯房新上房源,311万元,42602元/㎡
"积家(商住楼...-彩虹城二手房出售-浦沿路,近东信大道",2室2厅1卫,42㎡,南向,中层（共18层）,精装修,距离4号线中医药大学197米电梯房新上房源,105万元,25000元/㎡
"中国铁建江南...-西兴二手房出售-金城路,近风情大道",3室2厅2卫,87㎡,南北向,低层（共34层）,毛坯,距离1号线滨康路962米满五唯一电梯房新上房源,400万元,45610元/㎡
东和时代-中兴二手房出售-江晖路1930号,2室2厅2卫,42㎡,南北向,中层（共28层）,精装修,距离1号线江陵路977米满五唯一电梯房新上房源,89万元,21190元/㎡
超级星期天(...-彩虹城二手房出售-西浦路1718号,2室2厅1卫,42㎡,南向,中层（共17层）,精装修,距离4号线中医药大学1069米电梯房新上房源,95万元,22619元/㎡
海威新界-中兴二手房出售-物联网街330号,2室2厅1卫,42㎡,南向,中层（共12层）,精装修,距离1号线江陵路856米满五唯一电梯房新上房源,135万元,32142元/㎡
中南白马湖壹...-长河二手房出售-时代大道,3室2厅2卫,89㎡,南北向,中层（共21层）,毛坯,满五唯一电梯房新上房源,280万元,31460元/㎡
超级星期天(...-彩虹城二手房出售-西浦路1718号,1室1厅1卫,32㎡,南向,中层（共17层）,精装修,距离4号线中医药大学1069米电梯房新上房源,68万元,21250元/㎡
海威新界-中兴二手房出售-物联网街330号,2室2厅1卫,42㎡,南向,中层（共12层）,精装修,距离1号线江陵路856米满五唯一电梯房新上房源,135万元,32142元/㎡
中赢云际-中兴二手房出售-江晖路1062号,2室1厅2卫,50㎡,南向,中层（共29层）,豪华装修,距离1号线滨和路748米满五唯一电梯房新上房源,265万元,53000元/㎡
东和时代-中兴二手房出售-江晖路1930号,2室2厅2卫,42㎡,南北向,中层（共29层）,精装修,距离1号线江陵路977米满五唯一电梯房新上房源,160万元,38095元/㎡
高润云杉郡-彩虹城二手房出售-火炬大道,2室2厅2卫,42㎡,南向,高层（共24层）,精装修,满二唯一电梯房新上房源,160万元,38095元/㎡
"恒鼎博邑郡-长河二手房出售-滨康路,近时代大道",2室2厅1卫,42㎡,南向,高层（共22层）,精装修,满五唯一电梯房新上房源,165万元,39285元/㎡
东和时代-中兴二手房出售-江晖路1930号,1室1厅1卫,42㎡,南北向,高层（共29层）,精装修,距离1号线江陵路977米满五唯一电梯房新上房源,155万元,36904元/㎡
东和时代-中兴二手房出售-江晖路1930号,2室2厅1卫,42㎡,东南向,共5层,简单装修,距离1号线江陵路977米满五唯一新上房源,160万元,38095元/㎡
"中赢康康谷-中兴二手房出售-春晓路,近滨兴路",3室2厅2卫,48㎡,南北向,中层（共14层）,精装修,距离1号线滨和路566米满五唯一电梯房新上房源,180万元,37500元/㎡
中赢云际-中兴二手房出售-江晖路1062号,2室2厅2卫,42㎡,南向,中层（共20层）,精装修,距离1号线滨和路748米满五唯一电梯房新上房源,170万元,40476元/㎡
东和时代-中兴二手房出售-江晖路1930号,2室2厅2卫,42㎡,南北向,低层（共29层）,精装修,距离1号线江陵路977米满五唯一电梯房新上房源,160万元,38095元/㎡
"恒鼎博邑郡-长河二手房出售-滨康路,近时代大道",2室2厅2卫,42㎡,南向,高层（共29层）,精装修,满五唯一电梯房新上房源,145万元,34523元/㎡
星耀城-中兴二手房出售-江陵路2028号,3室2厅2卫,65㎡,南北向,中层（共23层）,精装修,距离1号线江陵路439米满五唯一电梯房新上房源,240万元,36923元/㎡
东和时代-中兴二手房出售-江晖路1930号,2室2厅1卫,42㎡,南北向,低层（共29层）,精装修,距离1号线江陵路977米满五唯一电梯房新上房源,155万元,36904元/㎡
"恒鼎博邑郡-长河二手房出售-滨康路,近时代大道",2室2厅2卫,42㎡,南向,高层（共29层）,豪华装修,满五唯一电梯房新上房源,172万元,40952元/㎡
中赢云际-中兴二手房出售-江晖路1062号,2室2厅2卫,57㎡,南向,中层（共20层）,精装修,距离1号线滨和路748米满五唯一电梯房新上房源,250万元,43859元/㎡
中赢云际-中兴二手房出售-江晖路1062号,2室2厅2卫,45㎡,南北向,高层（共20层）,精装修,距离1号线滨和路748米满二唯一电梯房新上房源,183万元,40666元/㎡
"湖漫雅筑-长河二手房出售-天官路,近光裕路",4室2厅2卫,135㎡,南北向,高层（共11层）,毛坯,满五唯一电梯房新上房源,480万元,35555元/㎡
"世茂智慧之门-中兴二手房出售-江南大道,近风情大道",2室2厅2卫,45㎡,南北向,中层（共26层）,精装修,距离1号线江陵路1416米满五唯一电梯房新上房源,168万元,37333元/㎡
"中赢康康谷-中兴二手房出售-春晓路,近滨兴路",2室2厅2卫,45㎡,南向,中层（共18层）,精装修,距离1号线滨和路566米满五唯一电梯房新上房源,180万元,39215元/㎡
星耀城-中兴二手房出售-江陵路2028号,1室2厅2卫,42㎡,东向,中层（共21层）,精装修,距离1号线江陵路439米满五唯一电梯房新上房源,130万元,30952元/㎡
杭州壹号院-中兴二手房出售-飞虹路,3室2厅2卫,55㎡,南北向,中层（共29层）,豪华装修,满五唯一电梯房新上房源,206万元,37454元/㎡
世茂之西湖茂...-彩虹城二手房出售-江南大道,1室2厅1卫,47㎡,南向,中层（共30层）,精装修,距离4号线联庄486米满五唯一电梯房新上房源,168万元,35744元/㎡
东和时代-中兴二手房出售-江晖路1930号,2室2厅1卫,42㎡,东南向,中层（共29层）,精装修,距离1号线江陵路977米满五唯一电梯房新上房源,160万元,38095元/㎡
中赢云际-中兴二手房出售-江晖路1062号,2室2厅1卫,50㎡,南向,中层（共18层）,精装修,距离1号线滨和路748米满五唯一电梯房新上房源,195万元,39000元/㎡
杭州壹号院-中兴二手房出售-飞虹路,3室2厅2卫,64㎡,南北向,中层（共29层）,豪华装修,满五唯一电梯房新上房源,240万元,37500元/㎡
星耀城-中兴二手房出售-江陵路2028号,3室2厅2卫,80㎡,西向,中层（共25层）,精装修,距离1号线江陵路439米满五唯一电梯房新上房源,275万元,34375元/㎡
钱江公寓-其他二手房出售-七堡直街12号,1室1厅1卫,51㎡,南北向,高层（共14层）,豪华装修,满两年电梯房新上房源,160万元,31372元/㎡
星耀城-中兴二手房出售-江陵路2028号,2室2厅1卫,42㎡,南向,高层（共25层）,精装修,距离1号线江陵路439米电梯房新上房源,155万元,36904元/㎡
东和时代-中兴二手房出售-江晖路1930号,2室2厅1卫,42㎡,东南向,中层（共29层）,精装修,距离1号线江陵路977米满五唯一电梯房新上房源,160万元,38095元/㎡
"中赢康康谷-中兴二手房出售-春晓路,近滨兴路",1室,40㎡,南向,中层（共29层）,精装修,距离1号线滨和路566米电梯房新上房源,118万元,29500元/㎡
东和时代-中兴二手房出售-江晖路1930号,2室2厅1卫,42㎡,东南向,低层（共29层）,精装修,距离1号线江陵路977米满五唯一电梯房新上房源,155万元,36904元/㎡
"恒鼎博邑郡-长河二手房出售-滨康路,近时代大道",2室2厅2卫,42㎡,南向,中层（共22层）,精装修,满五唯一电梯房新上房源,118万元,28095元/㎡
"中赢康康谷-中兴二手房出售-春晓路,近滨兴路",2室2厅2卫,35㎡,南向,中层（共29层）,精装修,距离1号线滨和路566米电梯房新上房源,118万元,33714元/㎡
中赢云际-中兴二手房出售-江晖路1062号,2室2厅2卫,42㎡,南向,中层（共20层）,精装修,距离1号线滨和路748米电梯房新上房源,170万元,40476元/㎡
中赢云际-中兴二手房出售-江晖路1062号,2室2厅2卫,42㎡,东南向,高层（共15层）,精装修,距离1号线滨和路748米满五唯一电梯房新上房源,156万元,37142元/㎡
"世茂智慧之门-中兴二手房出售-江南大道,近风情大道",2室2厅2卫,38㎡,南向,高层（共23层）,精装修,距离1号线江陵路1416米满二唯一电梯房新上房源,89万元,23421元/㎡
中赢云际-中兴二手房出售-江晖路1062号,2室2厅1卫,42㎡,南北向,中层（共20层）,简单装修,距离1号线滨和路748米满五唯一电梯房新上房源,148万元,35238元/㎡
"江滨澜廷-中兴二手房出售-闻涛路,近江陵路",1室1厅1卫,47㎡,东向,高层（共24层）,简单装修,距离1号线江陵路849米满五唯一电梯房新上房源,165万元,35106元/㎡
"金铂湾-中兴二手房出售-闻涛路,近通和路",1室1厅1卫,63㎡,南向,中层（共24层）,精装修,距离1号线江陵路841米满五唯一电梯房新上房源,190万元,30158元/㎡
杭州壹号院-中兴二手房出售-飞虹路,5室2厅3卫,349㎡,南向,高层（共26层）,豪华装修,满两年电梯房新上房源,1850万元,53008元/㎡
"湖漫雅筑-长河二手房出售-天官路,近光裕路",3室2厅2卫,106㎡,南向,高层（共11层）,精装修,满五唯一电梯房新上房源,312万元,29433元/㎡
"恒鼎博邑郡-长河二手房出售-滨康路,近时代大道",2室2厅1卫,42㎡,南向,中层（共12层）,精装修,满五唯一电梯房新上房源,135万元,32142元/㎡
"中赢康康谷-中兴二手房出售-春晓路,近滨兴路",2室2厅2卫,45㎡,南向,中层（共20层）,精装修,距离1号线滨和路566米满五唯一电梯房新上房源,210万元,46666元/㎡
铂金名筑-长河二手房出售-平安路38号,3室2厅1卫,88㎡,南北向,高层（共12层）,精装修,满五唯一电梯房新上房源,340万元,38245元/㎡
"中赢康康谷-中兴二手房出售-春晓路,近滨兴路",2室2厅2卫,45㎡,南向,中层（共20层）,精装修,距离1号线滨和路566米满五唯一电梯房新上房源,210万元,46666元/㎡
"恒鼎博邑郡-长河二手房出售-滨康路,近时代大道",2室2厅1卫,42㎡,南向,中层（共12层）,精装修,满五唯一电梯房新上房源,135万元,32142元/㎡
东和时代-中兴二手房出售-江晖路1930号,2室2厅2卫,42㎡,南北向,低层（共29层）,精装修,距离1号线江陵路977米满五唯一电梯房新上房源,160万元,38095元/㎡
东和时代-中兴二手房出售-江晖路1930号,2室2厅2卫,53㎡,南向,高层（共18层）,精装修,距离1号线江陵路977米满五唯一电梯房新上房源,190万元,35849元/㎡
"恒鼎博邑郡-长河二手房出售-滨康路,近时代大道",2室2厅2卫,42㎡,南向,中层（共22层）,精装修,唯一住房电梯房新上房源,117万元,27857元/㎡
"中国铁建江南...-西兴二手房出售-金城路,近风情大道",4室2厅2卫,118㎡,南北向,中层（共34层）,毛坯,距离1号线滨康路962米满五唯一电梯房新上房源,480万元,40438元/㎡
"江滨澜廷-中兴二手房出售-闻涛路,近江陵路",1室1厅1卫,58㎡,南北向,中层（共30层）,精装修,距离1号线江陵路849米满两年电梯房新上房源,187万元,31987元/㎡
现代印象广场-长河二手房出售-江南大道3399号,2室1厅1卫,40㎡,南北向,中层（共12层）,精装修,满五唯一电梯房新上房源,78万元,19500元/㎡
"江滨澜廷-中兴二手房出售-闻涛路,近江陵路",2室2厅1卫,80㎡,南北向,低层（共30层）,精装修,距离1号线江陵路849米满两年电梯房新上房源,385万元,48125元/㎡
"中赢康康谷-中兴二手房出售-春晓路,近滨兴路",2室2厅2卫,45㎡,南向,高层（共22层）,豪华装修,距离1号线滨和路566米电梯房新上房源,150万元,33333元/㎡
"滨江金茂府(...-中兴二手房出售-西兴路,近滨盛路",4室2厅2卫,144㎡,南向,中层（共26层）,豪华装修,距离1号线江陵路910米唯一住房电梯房新上房源,471万元,32706元/㎡
中赢云际-中兴二手房出售-江晖路1062号,2室2厅1卫,42㎡,南北向,中层（共16层）,精装修,距离1号线滨和路748米满二唯一电梯房新上房源,145万元,34523元/㎡
"金铂湾-中兴二手房出售-闻涛路,近通和路",1室1厅1卫,42㎡,南向,高层（共24层）,豪华装修,距离1号线江陵路841米满五唯一电梯房新上房源,154万元,36666元/㎡
兴耀鑫都汇-西兴二手房出售-滨康路,2室2厅2卫,43㎡,南向,低层（共22层）,精装修,距离1号线西兴514米满五唯一电梯房新上房源,149万元,33909元/㎡
"恒鼎博邑郡-长河二手房出售-滨康路,近时代大道",2室2厅2卫,42㎡,南北向,低层（共29层）,精装修,电梯房新上房源,166万元,39523元/㎡
高润云杉郡-彩虹城二手房出售-火炬大道,1室2厅2卫,47㎡,南北向,高层（共24层）,精装修,满五唯一电梯房新上房源,130万元,27659元/㎡
"江滨澜廷-中兴二手房出售-闻涛路,近江陵路",1室1厅1卫,58㎡,南北向,中层（共24层）,精装修,距离1号线江陵路849米满五唯一电梯房新上房源,205万元,35042元/㎡
东和时代-中兴二手房出售-江晖路1930号,2室2厅2卫,42㎡,南北向,高层（共29层）,精装修,距离1号线江陵路977米电梯房新上房源,155万元,36904元/㎡
兴耀鑫都汇-西兴二手房出售-滨康路,2室2厅2卫,42㎡,南向,中层（共22层）,精装修,距离1号线西兴514米满五唯一电梯房新上房源,150万元,35714元/㎡
东和时代-中兴二手房出售-江晖路1930号,2室2厅2卫,53㎡,南向,高层（共18层）,精装修,距离1号线江陵路977米电梯房新上房源,190万元,35849元/㎡
"恒鼎博邑郡-长河二手房出售-滨康路,近时代大道",2室2厅2卫,42㎡,南向,中层（共12层）,精装修,满五唯一电梯房新上房源,150万元,35714元/㎡
"中赢康康谷-中兴二手房出售-春晓路,近滨兴路",2室2厅2卫,35㎡,南向,中层（共29层）,精装修,距离1号线滨和路566米电梯房新上房源,118万元,33714元/㎡
现代印象广场-长河二手房出售-江南大道3399号,2室1厅1卫,40㎡,南向,中层（共12层）,精装修,满五唯一电梯房新上房源,90万元,22500元/㎡
中赢云际-中兴二手房出售-江晖路1062号,2室2厅2卫,45㎡,南向,高层（共22层）,精装修,距离1号线滨和路748米唯一住房电梯房新上房源,176万元,39111元/㎡
"江滨澜廷-中兴二手房出售-闻涛路,近江陵路",2室2厅2卫,43㎡,南向,中层（共15层）,精装修,距离1号线江陵路849米唯一住房电梯房新上房源,156万元,36279元/㎡
现代印象广场-长河二手房出售-江南大道3399号,2室1厅1卫,60㎡,南向,中层（共12层）,精装修,满五唯一电梯房新上房源,120万元,20000元/㎡
现代印象广场-长河二手房出售-江南大道3399号,2室1厅1卫,40㎡,南向,中层（共12层）,精装修,满五唯一电梯房新上房源,90万元,22500元/㎡
中赢云际-中兴二手房出售-江晖路1062号,2室2厅2卫,46㎡,南向,中层（共15层）,精装修,距离1号线滨和路748米唯一住房电梯房新上房源,186万元,40434元/㎡
中赢云际-中兴二手房出售-江晖路1062号,2室2厅2卫,45㎡,南向,中层（共15层）,精装修,距离1号线滨和路748米唯一住房电梯房新上房源,186万元,41333元/㎡
"积家(商住楼...-彩虹城二手房出售-浦沿路,近东信大道",2室2厅1卫,42㎡,南向,中层（共18层）,精装修,距离4号线中医药大学197米电梯房新上房源,105万元,25000元/㎡
星耀城-中兴二手房出售-江陵路2028号,3室2厅2卫,41㎡,南向,中层（共12层）,精装修,距离1号线江陵路439米满五唯一电梯房新上房源,180万元,43902元/㎡
星耀城-中兴二手房出售-江陵路2028号,3室2厅2卫,42㎡,南向,中层（共12层）,精装修,距离1号线江陵路439米满五唯一电梯房新上房源,180万元,42857元/㎡
"中赢康康谷-中兴二手房出售-春晓路,近滨兴路",2室2厅2卫,35㎡,南向,中层（共29层）,精装修,距离1号线滨和路566米电梯房新上房源,118万元,33714元/㎡
现代印象广场-长河二手房出售-江南大道3399号,2室1厅1卫,40㎡,南向,中层（共12层）,精装修,满五唯一电梯房新上房源,90万元,22500元/㎡
"中赢康康谷-中兴二手房出售-春晓路,近滨兴路",2室2厅2卫,42㎡,南向,中层（共29层）,简单装修,距离1号线滨和路566米满五唯一电梯房新上房源,153.4万元,36523元/㎡
"恒鼎博邑郡-长河二手房出售-滨康路,近时代大道",2室2厅2卫,42㎡,南向,中层（共29层）,精装修,满五唯一电梯房新上房源,200万元,47619元/㎡
"恒鼎博邑郡-长河二手房出售-滨康路,近时代大道",2室2厅2卫,42㎡,南向,中层（共12层）,精装修,满五唯一电梯房新上房源,150万元,35714元/㎡
"中赢康康谷-中兴二手房出售-春晓路,近滨兴路",2室2厅2卫,45㎡,南向,高层（共22层）,精装修,距离1号线滨和路566米满五唯一电梯房新上房源,179万元,39777元/㎡
中赢云际-中兴二手房出售-江晖路1062号,2室2厅1卫,45㎡,南向,中层（共20层）,豪华装修,距离1号线滨和路748米满五唯一电梯房新上房源,185万元,41111元/㎡
"中赢康康谷-中兴二手房出售-春晓路,近滨兴路",2室1厅1卫,45㎡,南向,高层（共12层）,精装修,距离1号线滨和路566米满五唯一电梯房新上房源,139万元,30888元/㎡
"中赢康康谷-中兴二手房出售-春晓路,近滨兴路",2室2厅1卫,49㎡,南北向,高层（共18层）,简单装修,距离1号线滨和路566米满五唯一电梯房新上房源,190万元,38229元/㎡
玲珑府(公寓...-西兴二手房出售-西兴路399号,4室2厅2卫,81㎡,南北向,中层（共31层）,豪华装修,距离1号线滨康路490米满五唯一电梯房新上房源,380万元,46913元/㎡
"恒鼎博邑郡-长河二手房出售-滨康路,近时代大道",2室2厅2卫,42㎡,南向,中层（共29层）,精装修,满五唯一电梯房新上房源,158万元,37619元/㎡
钱江公寓-其他二手房出售-七堡直街12号,1室1厅1卫,45㎡,南向,中层（共12层）,精装修,满两年电梯房新上房源,125万元,27777元/㎡
钱江公寓-其他二手房出售-七堡直街12号,1室1厅1卫,45㎡,南向,中层（共32层）,精装修,满两年电梯房新上房源,112万元,24888元/㎡
星光国际广场-其他二手房出售-江南大道228号,1室1厅1卫,54㎡,西向,低层（共22层）,精装修,距离1号线江陵路711米满两年电梯房新上房源,115万元,21296元/㎡
长河商厦-长河二手房出售-长江路428号,2室2厅2卫,50㎡,南向,中层（共8层）,精装修,满二唯一电梯房新上房源,92万元,18400元/㎡
滨江宝龙城市...-彩虹城二手房出售-滨盛路3867号,1室1厅1卫,38㎡,南向,低层（共19层）,精装修,满五唯一电梯房新上房源,98万元,25789元/㎡
环亚航银座-长河二手房出售-天官路,2室1厅1卫,55㎡,南北向,中层（共12层）,精装修,唯一住房电梯房新上房源,88万元,16000元/㎡
中赢云际-中兴二手房出售-江晖路1062号,2室2厅1卫,53㎡,南向,中层（共24层）,精装修,距离1号线滨和路748米满五唯一电梯房新上房源,210万元,39622元/㎡
中赢云际-中兴二手房出售-江晖路1062号,2室2厅2卫,50㎡,南向,高层（共20层）,精装修,距离1号线滨和路748米唯一住房电梯房新上房源,216万元,43200元/㎡
"恒鼎博邑郡-长河二手房出售-滨康路,近时代大道",2室2厅1卫,42㎡,东南向,中层（共24层）,精装修,满五唯一电梯房新上房源,159万元,37857元/㎡
"寰宇天下C区-中兴二手房出售-滨盛路,近江陵路",5室3厅5卫,356㎡,南北向,中层（共22层）,简单装修,距离1号线江陵路814米满五唯一电梯房新上房源,1850万元,51966元/㎡
"恒鼎博邑郡-长河二手房出售-滨康路,近时代大道",2室2厅2卫,42㎡,南北向,低层（共29层）,精装修,电梯房新上房源,150万元,35714元/㎡
江南星座-中兴二手房出售-春晓路529号,2室2厅2卫,51㎡,南向,高层（共19层）,精装修,距离1号线江陵路729米唯一住房电梯房新上房源,99万元,19411元/㎡
滨江宝龙城市...-彩虹城二手房出售-滨盛路3867号,1室1厅1卫,41㎡,南向,高层（共21层）,精装修,满二唯一电梯房新上房源,114万元,27804元/㎡
"恒鼎博邑郡-长河二手房出售-滨康路,近时代大道",2室2厅2卫,42㎡,南北向,中层（共29层）,精装修,电梯房新上房源,163万元,38809元/㎡
"恒鼎博邑郡-长河二手房出售-滨康路,近时代大道",2室2厅2卫,42㎡,南北向,中层（共29层）,精装修,电梯房新上房源,160万元,38095元/㎡
兴耀鑫都汇-西兴二手房出售-滨康路,2室2厅2卫,42㎡,南北向,中层（共29层）,精装修,距离1号线西兴514米电梯房新上房源,159万元,37857元/㎡
"杭州印-中兴二手房出售-闻涛路,近江晖路",1室1厅1卫,49㎡,东北向,中层（共39层）,精装修,距离1号线江陵路1089米电梯房新上房源,160万元,32653元/㎡
中赢云际-中兴二手房出售-江晖路1062号,2室2厅2卫,50㎡,南向,中层（共15层）,精装修,距离1号线滨和路748米唯一住房电梯房新上房源,201万元,40200元/㎡
超级星期天(...-彩虹城二手房出售-西浦路1718号,2室2厅2卫,51㎡,南向,高层（共12层）,精装修,距离4号线中医药大学1069米满五唯一电梯房新上房源,95万元,18627元/㎡
"中赢康康谷-中兴二手房出售-春晓路,近滨兴路",2室2厅2卫,48㎡,北向,中层（共22层）,精装修,距离1号线滨和路566米满五唯一电梯房新上房源,170万元,35416元/㎡
"中赢康康谷-中兴二手房出售-春晓路,近滨兴路",2室2厅2卫,46㎡,南北向,高层（共18层）,精装修,距离1号线滨和路566米满五唯一电梯房新上房源,170万元,36956元/㎡
"中赢康康谷-中兴二手房出售-春晓路,近滨兴路",3室2厅2卫,67㎡,南北向,中层（共28层）,简单装修,距离1号线滨和路566米满五唯一电梯房新上房源,200万元,29850元/㎡
汉峰峰公馆-中兴二手房出售-滨盛路1826号,1室2厅2卫,51㎡,南北向,中层（共22层）,简单装修,距离1号线江陵路1161米满五唯一电梯房新上房源,132万元,25882元/㎡
星光国际广场-其他二手房出售-江南大道228号,1室1厅1卫,54㎡,南向,中层（共27层）,精装修,距离1号线江陵路711米满五唯一电梯房新上房源,110万元,20220元/㎡
星耀城-中兴二手房出售-江陵路2028号,2室1厅1卫,42㎡,南向,高层（共28层）,精装修,距离1号线江陵路439米满五唯一电梯房新上房源,199万元,47380元/㎡
星耀城-中兴二手房出售-江陵路2028号,3室2厅2卫,60㎡,南向,中层（共25层）,精装修,距离1号线江陵路439米满五唯一电梯房新上房源,230万元,38333元/㎡
"杭州印-中兴二手房出售-闻涛路,近江晖路",2室2厅2卫,45㎡,南向,中层（共16层）,精装修,距离1号线江陵路1089米唯一住房电梯房新上房源,165万元,36666元/㎡
君尚金座-中兴二手房出售-安业路229号,2室2厅2卫,45㎡,南向,中层（共32层）,精装修,唯一住房电梯房新上房源,155万元,34444元/㎡
"杭州印-中兴二手房出售-闻涛路,近江晖路",2室2厅2卫,42㎡,南向,中层（共16层）,精装修,距离1号线江陵路1089米唯一住房电梯房新上房源,145万元,34523元/㎡
"杭州印-中兴二手房出售-闻涛路,近江晖路",2室2厅2卫,40㎡,南向,高层（共22层）,精装修,距离1号线江陵路1089米唯一住房电梯房新上房源,155万元,38750元/㎡
中赢云际-中兴二手房出售-江晖路1062号,2室2厅1卫,42㎡,南北向,中层（共20层）,简单装修,距离1号线滨和路748米满五唯一电梯房新上房源,148万元,35238元/㎡
"杭州印-中兴二手房出售-闻涛路,近江晖路",2室2厅2卫,42㎡,南向,中层（共25层）,精装修,距离1号线江陵路1089米唯一住房电梯房新上房源,153万元,36428元/㎡
君尚金座-中兴二手房出售-安业路229号,2室2厅2卫,42㎡,南向,中层（共25层）,精装修,唯一住房电梯房新上房源,158万元,37619元/㎡
君尚金座-中兴二手房出售-安业路229号,2室2厅2卫,45㎡,南向,高层（共22层）,精装修,唯一住房电梯房新上房源,152万元,33777元/㎡
中赢云际-中兴二手房出售-江晖路1062号,2室2厅2卫,45㎡,南向,中层（共15层）,精装修,距离1号线滨和路748米唯一住房电梯房新上房源,155万元,34444元/㎡
中赢云际-中兴二手房出售-江晖路1062号,2室2厅2卫,45㎡,南向,高层（共22层）,精装修,距离1号线滨和路748米唯一住房电梯房新上房源,155万元,34444元/㎡
中赢云际-中兴二手房出售-江晖路1062号,2室2厅2卫,45㎡,南向,中层（共22层）,精装修,距离1号线滨和路748米唯一住房电梯房新上房源,156万元,34666元/㎡
现代印象广场-长河二手房出售-江南大道3399号,2室1厅1卫,40㎡,南向,中层（共12层）,精装修,满五唯一电梯房新上房源,90万元,22500元/㎡
"积家(商住楼...-彩虹城二手房出售-浦沿路,近东信大道",1室1厅2卫,45㎡,南向,高层（共22层）,精装修,距离4号线中医药大学197米唯一住房电梯房新上房源,116万元,25777元/㎡
"积家(商住楼...-彩虹城二手房出售-浦沿路,近东信大道",2室2厅2卫,43㎡,南向,高层（共22层）,精装修,距离4号线中医药大学197米唯一住房电梯房新上房源,112万元,26046元/㎡
"杭州印-中兴二手房出售-闻涛路,近江晖路",2室2厅2卫,42㎡,南向,高层（共23层）,精装修,距离1号线江陵路1089米唯一住房电梯房新上房源,148万元,35238元/㎡
君尚金座-中兴二手房出售-安业路229号,2室2厅2卫,43㎡,南向,中层（共16层）,精装修,唯一住房电梯房新上房源,158万元,36744元/㎡
君尚金座-中兴二手房出售-安业路229号,2室2厅2卫,43㎡,南向,中层（共16层）,精装修,唯一住房电梯房新上房源,165万元,38372元/㎡
中赢云际-中兴二手房出售-江晖路1062号,2室2厅2卫,45㎡,南向,高层（共22层）,精装修,距离1号线滨和路748米唯一住房电梯房新上房源,155万元,34444元/㎡
"恒鼎博邑郡-长河二手房出售-滨康路,近时代大道",1室1厅1卫,45㎡,南北向,中层（共20层）,精装修,唯一住房电梯房新上房源,150万元,33333元/㎡
兴耀鑫都汇-西兴二手房出售-滨康路,2室2厅2卫,42㎡,南北向,低层（共29层）,精装修,距离1号线西兴514米电梯房新上房源,150万元,35714元/㎡
"中赢康康谷-中兴二手房出售-春晓路,近滨兴路",1室1厅1卫,46㎡,西南向,低层（共18层）,精装修,距离1号线滨和路566米满两年电梯房新上房源,134.6万元,29250元/㎡
世茂之西湖-彩虹城二手房出售-江南大道,4室2厅2卫,89㎡,南北向,高层（共28层）,精装修,距离4号线联庄482米满五唯一电梯房新上房源,500万元,56179元/㎡
"中赢康康谷-中兴二手房出售-春晓路,近滨兴路",2室2厅2卫,45㎡,南向,低层（共18层）,精装修,距离1号线滨和路566米满两年电梯房新上房源,145.6万元,32344元/㎡
中赢云际-中兴二手房出售-江晖路1062号,2室2厅1卫,45㎡,南向,中层（共20层）,豪华装修,距离1号线滨和路748米满五唯一电梯房新上房源,185万元,41111元/㎡
中赢云际-中兴二手房出售-江晖路1062号,2室2厅2卫,42㎡,北向,中层（共19层）,精装修,距离1号线滨和路748米满五唯一电梯房新上房源,150万元,35714元/㎡
"恒鼎博邑郡-长河二手房出售-滨康路,近时代大道",2室2厅2卫,42㎡,南向,中层（共29层）,精装修,满五唯一电梯房新上房源,160万元,38095元/㎡
中赢云际-中兴二手房出售-江晖路1062号,2室2厅2卫,45㎡,南北向,中层（共20层）,精装修,距离1号线滨和路748米满五唯一电梯房新上房源,190万元,42222元/㎡
龙湖春江彼岸-西兴二手房出售-扬帆路,4室2厅3卫,198㎡,南北向,中层（共32层）,精装修,满五唯一电梯房新上房源,758万元,38282元/㎡
龙湖春江彼岸-西兴二手房出售-扬帆路,4室2厅3卫,198㎡,南北向,低层（共32层）,毛坯,满五唯一电梯房新上房源,750万元,37878元/㎡
现代印象广场-长河二手房出售-江南大道3399号,2室1厅1卫,60㎡,南向,中层（共12层）,精装修,满五唯一电梯房新上房源,120万元,20000元/㎡
"恒鼎博邑郡-长河二手房出售-滨康路,近时代大道",2室2厅2卫,42㎡,南向,中层（共22层）,精装修,满五唯一电梯房新上房源,148万元,35238元/㎡
中天官河锦庭...-西兴二手房出售-滨康路,3室2厅1卫,89㎡,南北向,高层（共34层）,精装修,距离1号线西兴510米满五唯一电梯房新上房源,426万元,47865元/㎡
兴耀鑫都汇-西兴二手房出售-滨康路,2室1厅1卫,49㎡,西向,高层（共20层）,精装修,距离1号线西兴514米满五唯一电梯房新上房源,115万元,23421元/㎡
"中国铁建江南...-西兴二手房出售-金城路,近风情大道",3室2厅2卫,87㎡,南北向,中层（共30层）,毛坯,距离1号线滨康路962米满五唯一电梯房新上房源,370万元,42189元/㎡
"江滨澜廷-中兴二手房出售-闻涛路,近江陵路",2室1厅1卫,50㎡,东南向,高层（共24层）,毛坯,距离1号线江陵路849米满五唯一新上房源,225万元,45000元/㎡
"中赢康康谷-中兴二手房出售-春晓路,近滨兴路",2室2厅2卫,45㎡,南北向,高层（共18层）,精装修,距离1号线滨和路566米满五唯一电梯房新上房源,148万元,32888元/㎡
汉峰峰公馆-中兴二手房出售-滨盛路1826号,1室2厅1卫,51㎡,南北向,中层（共20层）,精装修,距离1号线江陵路1161米满二唯一电梯房新上房源,135万元,26470元/㎡
中赢云际-中兴二手房出售-江晖路1062号,2室2厅2卫,45㎡,南向,高层（共22层）,精装修,距离1号线滨和路748米唯一住房电梯房新上房源,155万元,34444元/㎡
中赢云际-中兴二手房出售-江晖路1062号,2室2厅2卫,45㎡,南向,高层（共22层）,精装修,距离1号线滨和路748米唯一住房电梯房新上房源,155万元,34444元/㎡
江南星座-中兴二手房出售-春晓路529号,2室2厅2卫,51㎡,南向,高层（共19层）,精装修,距离1号线江陵路729米唯一住房电梯房新上房源,80万元,15686元/㎡
"积家(商住楼...-彩虹城二手房出售-浦沿路,近东信大道",1室1厅2卫,46㎡,南向,中层（共22层）,精装修,距离4号线中医药大学197米唯一住房电梯房新上房源,112万元,24347元/㎡
中赢云际-中兴二手房出售-江晖路1062号,2室2厅1卫,42㎡,南北向,中层（共20层）,简单装修,距离1号线滨和路748米满五唯一电梯房新上房源,148万元,35238元/㎡
东和时代-中兴二手房出售-江晖路1930号,2室2厅1卫,42㎡,东南向,中层（共29层）,精装修,距离1号线江陵路977米满五唯一电梯房新上房源,160万元,38095元/㎡
"绿地旭辉城-西兴二手房出售-长虹路,近滨盛路",3室2厅1卫,89㎡,南向,中层（共47层）,精装修,满五唯一电梯房新上房源,480万元,53872元/㎡
"金铂湾-中兴二手房出售-闻涛路,近通和路",1室1厅1卫,50㎡,南向,高层（共16层）,精装修,距离1号线江陵路841米满五唯一电梯房新上房源,150万元,30000元/㎡
钱江公寓-其他二手房出售-七堡直街12号,1室1厅1卫,51㎡,南北向,高层（共14层）,豪华装修,满两年电梯房新上房源,160万元,31372元/㎡
超级星期天(...-彩虹城二手房出售-西浦路1718号,2室2厅2卫,51㎡,南向,高层（共12层）,精装修,距离4号线中医药大学1069米满五唯一电梯房新上房源,95万元,18627元/㎡
"江滨澜廷-中兴二手房出售-闻涛路,近江陵路",1室2厅1卫,56㎡,南北向,中层（共24层）,精装修,距离1号线江陵路849米满五唯一电梯房新上房源,222万元,39153元/㎡
"江滨澜廷-中兴二手房出售-闻涛路,近江陵路",1室2厅1卫,56㎡,南北向,中层（共24层）,精装修,距离1号线江陵路849米满五唯一电梯房新上房源,222万元,39153元/㎡
"金铂湾-中兴二手房出售-闻涛路,近通和路",2室1厅1卫,50㎡,南向,高层（共26层）,精装修,距离1号线江陵路841米满五唯一电梯房新上房源,180万元,36000元/㎡
"中天官河锦庭...-西兴二手房出售-滨康路,近阡陌路",2室2厅2卫,73㎡,南北向,中层（共34层）,精装修,距离1号线西兴472米满五唯一电梯房新上房源,311万元,42602元/㎡
中赢云际-中兴二手房出售-江晖路1062号,2室2厅2卫,45㎡,南北向,高层（共19层）,精装修,距离1号线滨和路748米满二唯一新上房源,186万元,41333元/㎡
中赢云际-中兴二手房出售-江晖路1062号,3室2厅2卫,52㎡,南向,中层（共29层）,精装修,距离1号线滨和路748米满五唯一电梯房新上房源,255万元,49038元/㎡
东和时代-中兴二手房出售-江晖路1930号,1室1厅1卫,40㎡,南北向,高层（共29层）,简单装修,距离1号线江陵路977米满五唯一电梯房新上房源,149万元,37250元/㎡
环亚航银座-长河二手房出售-天官路,1室1厅1卫,53㎡,南向,共3层,精装修,满二唯一新上房源,100万元,18867元/㎡
星耀城-中兴二手房出售-江陵路2028号,1室1厅2卫,42㎡,南向,中层（共22层）,精装修,距离1号线江陵路439米唯一住房电梯房新上房源,180万元,42857元/㎡
"江滨澜廷-中兴二手房出售-闻涛路,近江陵路",2室2厅1卫,70㎡,东北向,高层（共23层）,精装修,距离1号线江陵路849米满五唯一电梯房新上房源,300万元,42857元/㎡
中赢云际-中兴二手房出售-江晖路1062号,2室2厅2卫,50㎡,南向,中层（共15层）,精装修,距离1号线滨和路748米唯一住房电梯房新上房源,201万元,40200元/㎡
东和时代-中兴二手房出售-江晖路1930号,1室1厅1卫,42㎡,南北向,高层（共29层）,精装修,距离1号线江陵路977米满五唯一电梯房新上房源,155万元,36904元/㎡
"杭州印-中兴二手房出售-闻涛路,近江晖路",2室2厅2卫,48㎡,南向,中层（共20层）,精装修,距离1号线江陵路1089米满五唯一电梯房新上房源,175万元,36458元/㎡
"湖漫雅筑-长河二手房出售-天官路,近光裕路",3室2厅2卫,106㎡,南向,高层（共11层）,精装修,满五唯一电梯房新上房源,310万元,29245元/㎡
东和时代-中兴二手房出售-江晖路1930号,1室1厅1卫,40㎡,南北向,高层（共29层）,简单装修,距离1号线江陵路977米满五唯一电梯房新上房源,149万元,37250元/㎡
"江滨澜廷-中兴二手房出售-闻涛路,近江陵路",2室2厅2卫,42㎡,南向,中层（共22层）,精装修,距离1号线江陵路849米满五唯一电梯房新上房源,132万元,31428元/㎡
"江滨澜廷-中兴二手房出售-闻涛路,近江陵路",2室2厅2卫,42㎡,南向,中层（共22层）,精装修,距离1号线江陵路849米满五唯一电梯房新上房源,158万元,37619元/㎡
兴耀鑫都汇-西兴二手房出售-滨康路,2室2厅2卫,47㎡,南北向,中层（共20层）,精装修,距离1号线西兴514米满二唯一新上房源,126万元,26808元/㎡
长河商厦-长河二手房出售-长江路428号,2室2厅1卫,51㎡,南向,中层（共8层）,精装修,满五唯一新上房源,90万元,17647元/㎡
中赢云际-中兴二手房出售-江晖路1062号,2室2厅2卫,51㎡,北向,中层（共19层）,精装修,距离1号线滨和路748米满五唯一电梯房新上房源,220万元,43137元/㎡
"中国铁建江南...-西兴二手房出售-金城路,近风情大道",3室2厅2卫,88㎡,南北向,高层（共34层）,毛坯,距离1号线滨康路962米满五唯一电梯房新上房源,360万元,40909元/㎡
"中赢康康谷-中兴二手房出售-春晓路,近滨兴路",2室2厅2卫,45㎡,南向,中层（共20层）,精装修,距离1号线滨和路566米满五唯一电梯房新上房源,128万元,28444元/㎡
东和时代-中兴二手房出售-江晖路1930号,2室2厅1卫,42㎡,东南向,低层（共29层）,精装修,距离1号线江陵路977米满五唯一电梯房新上房源,155万元,36904元/㎡
世茂之西湖茂...-彩虹城二手房出售-江南大道,1室1厅1卫,35㎡,西北向,高层（共33层）,精装修,距离4号线联庄486米满五唯一电梯房新上房源,116万元,33142元/㎡
"江滨澜廷-中兴二手房出售-闻涛路,近江陵路",2室2厅1卫,54㎡,南向,低层（共24层）,精装修,距离1号线江陵路849米满二唯一电梯房新上房源,155万元,28703元/㎡
中赢云际-中兴二手房出售-江晖路1062号,2室2厅2卫,42㎡,南向,中层（共20层）,精装修,距离1号线滨和路748米满五唯一电梯房新上房源,198万元,47142元/㎡
钱江公寓-其他二手房出售-七堡直街12号,1室1厅1卫,49㎡,南向,中层（共12层）,精装修,满两年电梯房新上房源,115万元,23469元/㎡
"恒鼎博邑郡-长河二手房出售-滨康路,近时代大道",2室2厅2卫,42㎡,南向,中层（共22层）,精装修,满五唯一电梯房新上房源,159万元,37857元/㎡
中赢云际-中兴二手房出售-江晖路1062号,2室2厅1卫,58㎡,南向,中层（共24层）,豪华装修,距离1号线滨和路748米满五唯一电梯房新上房源,208万元,35862元/㎡
"杭州印-中兴二手房出售-闻涛路,近江晖路",1室1厅1卫,58㎡,南向,低层（共44层）,精装修,距离1号线江陵路1089米满五唯一电梯房新上房源,185.6万元,32000元/㎡
"杭州印-中兴二手房出售-闻涛路,近江晖路",2室2厅2卫,53㎡,南北向,高层（共24层）,精装修,距离1号线江陵路1089米满二唯一电梯房新上房源,175万元,33018元/㎡
"恒鼎博邑郡-长河二手房出售-滨康路,近时代大道",2室2厅2卫,42㎡,南向,高层（共29层）,精装修,满五唯一电梯房新上房源,145万元,34523元/㎡
"中赢康康谷-中兴二手房出售-春晓路,近滨兴路",2室2厅1卫,47㎡,南北向,高层（共26层）,精装修,距离1号线滨和路566米满五唯一电梯房新上房源,185万元,39361元/㎡
钱塘玫瑰湾-浦沿二手房出售-滨文路,5室2厅2卫,129㎡,南北向,低层（共31层）,毛坯,距离4号线杨家墩685米满五唯一电梯房新上房源,498万元,38604元/㎡
钱塘玫瑰湾-浦沿二手房出售-滨文路,4室2厅2卫,129㎡,南向,低层（共18层）,毛坯,距离4号线杨家墩685米满五唯一电梯房新上房源,430万元,33333元/㎡
"中赢康康谷-中兴二手房出售-春晓路,近滨兴路",2室2厅2卫,42㎡,南向,中层（共29层）,精装修,距离1号线滨和路566米满五唯一电梯房新上房源,168万元,40000元/㎡
"杭州印-中兴二手房出售-闻涛路,近江晖路",1室1厅1卫,50㎡,东向,中层（共39层）,精装修,距离1号线江陵路1089米满五年电梯房新上房源,175万元,35000元/㎡
中赢云际-中兴二手房出售-江晖路1062号,2室2厅1卫,58㎡,南向,中层（共18层）,豪华装修,距离1号线滨和路748米满五唯一电梯房新上房源,220万元,37931元/㎡
"江滨澜廷-中兴二手房出售-闻涛路,近江陵路",2室2厅2卫,42㎡,东向,中层（共29层）,豪华装修,距离1号线江陵路849米满五唯一电梯房新上房源,172万元,40952元/㎡
长河商厦-长河二手房出售-长江路428号,2室2厅1卫,51㎡,南向,中层（共8层）,精装修,满五唯一新上房源,90万元,17647元/㎡
中赢云际-中兴二手房出售-江晖路1062号,2室2厅2卫,46㎡,南向,高层（共20层）,豪华装修,距离1号线滨和路748米满五唯一电梯房新上房源,168万元,36521元/㎡
高润云杉郡-彩虹城二手房出售-火炬大道,1室2厅2卫,45㎡,南向,低层（共24层）,精装修,满五唯一电梯房新上房源,120万元,26666元/㎡
中赢云际-中兴二手房出售-江晖路1062号,2室2厅2卫,46㎡,南向,中层（共20层）,精装修,距离1号线滨和路748米满五唯一电梯房新上房源,168万元,36521元/㎡
中南白马湖壹...-长河二手房出售-时代大道,3室2厅2卫,121㎡,南北向,中层（共18层）,毛坯,满五唯一电梯房新上房源,385万元,31818元/㎡
中南白马湖壹...-长河二手房出售-时代大道,3室2厅2卫,89㎡,南北向,中层（共21层）,毛坯,满五唯一电梯房新上房源,278万元,31235元/㎡
中南白马湖壹...-长河二手房出售-时代大道,3室2厅2卫,89㎡,南北向,中层（共17层）,毛坯,唯一住房电梯房新上房源,300万元,33707元/㎡
中南白马湖壹...-长河二手房出售-时代大道,3室2厅2卫,121㎡,南北向,低层（共18层）,毛坯,满五唯一电梯房新上房源,370万元,30578元/㎡
中南白马湖壹...-长河二手房出售-时代大道,4室2厅2卫,89㎡,南北向,中层（共33层）,毛坯,满五唯一电梯房新上房源,280万元,31460元/㎡
中赢云际-中兴二手房出售-江晖路1062号,2室2厅2卫,46㎡,南向,中层（共20层）,精装修,距离1号线滨和路748米满五唯一电梯房新上房源,168万元,36521元/㎡
东和时代-中兴二手房出售-江晖路1930号,2室2厅2卫,42㎡,南北向,低层（共29层）,精装修,距离1号线江陵路977米满五唯一电梯房新上房源,160万元,38095元/㎡
星耀城-中兴二手房出售-江陵路2028号,2室1厅1卫,50㎡,南向,高层（共32层）,精装修,距离1号线江陵路439米唯一住房电梯房新上房源,160万元,32000元/㎡
星耀城-中兴二手房出售-江陵路2028号,2室2厅1卫,55㎡,南向,中层（共24层）,精装修,距离1号线江陵路439米唯一住房电梯房新上房源,150万元,27272元/㎡
"恒鼎博邑郡-长河二手房出售-滨康路,近时代大道",2室2厅2卫,42㎡,南向,低层（共22层）,精装修,满五唯一电梯房新上房源,160.5万元,38214元/㎡
"中赢康康谷-中兴二手房出售-春晓路,近滨兴路",2室2厅2卫,35㎡,南向,中层（共29层）,精装修,距离1号线滨和路566米电梯房新上房源,118万元,33714元/㎡
"恒鼎博邑郡-长河二手房出售-滨康路,近时代大道",2室2厅2卫,42㎡,南向,中层（共22层）,精装修,满五唯一电梯房新上房源,118万元,28095元/㎡
现代印象广场-长河二手房出售-江南大道3399号,2室1厅1卫,40㎡,南向,中层（共12层）,精装修,满五唯一电梯房新上房源,90万元,22500元/㎡
东和时代-中兴二手房出售-江晖路1930号,2室2厅1卫,42㎡,东南向,中层（共29层）,精装修,距离1号线江陵路977米满五唯一电梯房新上房源,150万元,35714元/㎡
"恒鼎博邑郡-长河二手房出售-滨康路,近时代大道",2室2厅2卫,42㎡,南向,低层（共29层）,精装修,满五唯一电梯房新上房源,133万元,31666元/㎡
"恒鼎博邑郡-长河二手房出售-滨康路,近时代大道",2室2厅2卫,42㎡,南向,高层（共22层）,精装修,满五唯一电梯房新上房源,128万元,30476元/㎡
星耀城-中兴二手房出售-江陵路2028号,2室2厅1卫,42㎡,南向,高层（共24层）,精装修,距离1号线江陵路439米唯一住房电梯房新上房源,135万元,32142元/㎡
星耀城-中兴二手房出售-江陵路2028号,2室2厅1卫,45㎡,南向,中层（共26层）,精装修,距离1号线江陵路439米满五唯一电梯房新上房源,168万元,37333元/㎡
"恒鼎博邑郡-长河二手房出售-滨康路,近时代大道",2室2厅2卫,42㎡,南向,中层（共29层）,精装修,满五唯一电梯房新上房源,130万元,30952元/㎡
滨江宝龙城市...-彩虹城二手房出售-滨盛路3867号,2室1厅1卫,75㎡,南北向,高层（共25层）,精装修,满五唯一电梯房新上房源,202万元,26933元/㎡
中兴和园(公...-长河二手房出售-火炬南路1612号,3室2厅1卫,85㎡,南向,中层（共11层）,精装修,满五唯一电梯房新上房源,251万元,29196元/㎡
"江滨澜廷-中兴二手房出售-闻涛路,近江陵路",2室2厅2卫,42㎡,南向,低层（共29层）,豪华装修,距离1号线江陵路849米满五唯一电梯房新上房源,150万元,35714元/㎡
"恒鼎博邑郡-长河二手房出售-滨康路,近时代大道",2室2厅2卫,42㎡,南向,高层（共29层）,精装修,满五唯一电梯房新上房源,145万元,34523元/㎡
兴耀鑫都汇-西兴二手房出售-滨康路,2室1厅1卫,49㎡,西向,中层（共20层）,精装修,距离1号线西兴514米唯一住房电梯房新上房源,165万元,33591元/㎡
兴耀鑫都汇-西兴二手房出售-滨康路,2室1厅1卫,49㎡,西向,高层（共20层）,精装修,距离1号线西兴514米唯一住房电梯房新上房源,136万元,27676元/㎡
"恒鼎博邑郡-长河二手房出售-滨康路,近时代大道",2室2厅2卫,42㎡,南向,中层（共29层）,精装修,满五唯一电梯房新上房源,130万元,30952元/㎡
"中赢康康谷-中兴二手房出售-春晓路,近滨兴路",2室2厅2卫,45㎡,南向,中层（共17层）,精装修,距离1号线滨和路566米满五唯一电梯房新上房源,156万元,33986元/㎡
长兴苑小区-长河二手房出售-绿香街358号,2室2厅1卫,72㎡,南向,低层（共6层）,精装修,满五唯一电梯房新上房源,201万元,27916元/㎡
星耀城-中兴二手房出售-江陵路2028号,1室1厅1卫,35㎡,东向,中层（共25层）,精装修,距离1号线江陵路439米满二唯一新上房源,120万元,34285元/㎡
兴耀鑫都汇-西兴二手房出售-滨康路,3室1厅1卫,49㎡,东向,中层（共20层）,精装修,距离1号线西兴514米唯一住房电梯房新上房源,175万元,35714元/㎡
中南白马湖壹...-长河二手房出售-时代大道,3室2厅1卫,89㎡,南向,中层（共12层）,精装修,满二唯一电梯房新上房源,251万元,28139元/㎡
长兴苑小区-长河二手房出售-绿香街358号,2室2厅1卫,81㎡,南向,中层（共9层）,精装修,满五唯一电梯房新上房源,252万元,31111元/㎡
滨江宝龙城市...-彩虹城二手房出售-滨盛路3867号,2室1厅1卫,73㎡,南向,高层（共24层）,精装修,唯一住房电梯房新上房源,211万元,28904元/㎡
"恒鼎博邑郡-长河二手房出售-滨康路,近时代大道",2室2厅2卫,42㎡,东南向,低层（共18层）,豪华装修,满五唯一电梯房新上房源,188万元,44339元/㎡
"恒鼎博邑郡-长河二手房出售-滨康路,近时代大道",2室2厅2卫,42㎡,南向,中层（共22层）,精装修,满二唯一电梯房新上房源,210万元,50000元/㎡
"恒鼎博邑郡-长河二手房出售-滨康路,近时代大道",2室2厅2卫,42㎡,东南向,低层（共18层）,豪华装修,唯一住房电梯房新上房源,188万元,44339元/㎡
中兴和园(公...-长河二手房出售-火炬南路1612号,3室2厅1卫,85㎡,南向,中层（共13层）,精装修,满五唯一电梯房新上房源,301万元,35229元/㎡
滨江宝龙城市...-彩虹城二手房出售-滨盛路3867号,2室1厅1卫,62㎡,南北向,高层（共24层）,精装修,满五唯一电梯房新上房源,151万元,24350元/㎡
"恒鼎博邑郡-长河二手房出售-滨康路,近时代大道",2室2厅2卫,42㎡,东南向,低层（共18层）,豪华装修,唯一住房电梯房新上房源,188万元,44339元/㎡
"恒鼎博邑郡-长河二手房出售-滨康路,近时代大道",2室2厅2卫,42㎡,南向,中层（共29层）,精装修,满五唯一电梯房新上房源,130万元,30952元/㎡
"恒鼎博邑郡-长河二手房出售-滨康路,近时代大道",2室2厅1卫,42㎡,东南向,中层（共29层）,精装修,唯一住房电梯房新上房源,169万元,40238元/㎡
"钱塘大观-浦沿二手房出售-闻涛路,近新和路",2室1厅1卫,32㎡,南北向,高层（共15层）,简单装修,满五唯一电梯房新上房源,80万元,25000元/㎡
"江滨澜廷-中兴二手房出售-闻涛路,近江陵路",1室1厅1卫,47㎡,南向,低层（共24层）,精装修,距离1号线江陵路849米满五唯一电梯房新上房源,148万元,31489元/㎡
东和时代-中兴二手房出售-江晖路1930号,2室2厅1卫,42㎡,东南向,中层（共29层）,精装修,距离1号线江陵路977米满五唯一电梯房新上房源,160万元,38095元/㎡
高润云杉郡-彩虹城二手房出售-火炬大道,1室2厅2卫,42㎡,南向,高层（共24层）,精装修,满五唯一电梯房新上房源,148.8万元,35428元/㎡
观邸国际-其他二手房出售-新和路167号,4室2厅2卫,238㎡,南北向,中层（共22层）,毛坯,距离4号线中医药大学1358米满五唯一电梯房新上房源,650万元,27310元/㎡
"江滨澜廷-中兴二手房出售-闻涛路,近江陵路",2室2厅2卫,40㎡,南向,中层（共25层）,精装修,距离1号线江陵路849米唯一住房电梯房新上房源,156万元,39000元/㎡
"江滨澜廷-中兴二手房出售-闻涛路,近江陵路",2室2厅2卫,40㎡,南向,高层（共22层）,精装修,距离1号线江陵路849米唯一住房电梯房新上房源,158万元,39500元/㎡
"恒鼎博邑郡-长河二手房出售-滨康路,近时代大道",2室2厅2卫,42㎡,东南向,低层（共18层）,豪华装修,唯一住房电梯房新上房源,188万元,44339元/㎡
"恒鼎博邑郡-长河二手房出售-滨康路,近时代大道",2室2厅2卫,42㎡,东南向,低层（共18层）,豪华装修,唯一住房电梯房新上房源,188万元,44339元/㎡
"世茂智慧之门-中兴二手房出售-江南大道,近风情大道",2室2厅2卫,51㎡,南向,高层（共23层）,精装修,距离1号线江陵路1416米满五唯一电梯房新上房源,150万元,29411元/㎡
"恒鼎博邑郡-长河二手房出售-滨康路,近时代大道",2室2厅2卫,42㎡,南向,高层（共29层）,精装修,满五唯一电梯房新上房源,145万元,34523元/㎡
"恒鼎博邑郡-长河二手房出售-滨康路,近时代大道",2室2厅2卫,42㎡,东南向,低层（共18层）,豪华装修,唯一住房电梯房新上房源,188万元,44339元/㎡
汉峰峰公馆-中兴二手房出售-滨盛路1826号,2室2厅1卫,49㎡,南向,高层（共12层）,精装修,距离1号线江陵路1161米满二唯一新上房源,107万元,21836元/㎡
"恒鼎博邑郡-长河二手房出售-滨康路,近时代大道",2室2厅2卫,42㎡,东南向,低层（共18层）,豪华装修,满五唯一电梯房新上房源,188万元,44339元/㎡
"恒鼎博邑郡-长河二手房出售-滨康路,近时代大道",2室2厅2卫,42㎡,东南向,低层（共18层）,豪华装修,唯一住房电梯房新上房源,188万元,44339元/㎡
"恒鼎博邑郡-长河二手房出售-滨康路,近时代大道",2室2厅2卫,42㎡,东南向,低层（共18层）,豪华装修,唯一住房电梯房新上房源,188万元,44339元/㎡
"恒鼎博邑郡-长河二手房出售-滨康路,近时代大道",2室2厅2卫,42㎡,南向,中层（共29层）,精装修,满五唯一电梯房新上房源,130万元,30952元/㎡
"恒鼎博邑郡-长河二手房出售-滨康路,近时代大道",2室2厅2卫,42㎡,南向,中层（共29层）,精装修,满五唯一电梯房新上房源,178万元,42380元/㎡
江南星座-中兴二手房出售-春晓路529号,2室2厅1卫,80㎡,南向,中层（共32层）,精装修,距离1号线江陵路729米唯一住房电梯房新上房源,120万元,15000元/㎡
中赢云际-中兴二手房出售-江晖路1062号,2室2厅2卫,42㎡,南向,中层（共29层）,精装修,距离1号线滨和路748米满五唯一电梯房新上房源,156万元,37142元/㎡
"恒鼎博邑郡-长河二手房出售-滨康路,近时代大道",2室2厅2卫,42㎡,东南向,中层（共18层）,豪华装修,唯一住房电梯房新上房源,138万元,32857元/㎡
江南星座-中兴二手房出售-春晓路529号,2室2厅1卫,70㎡,南向,高层（共32层）,精装修,距离1号线江陵路729米唯一住房电梯房新上房源,100万元,14285元/㎡
中赢云际-中兴二手房出售-江晖路1062号,2室2厅2卫,52㎡,南向,中层（共20层）,精装修,距离1号线滨和路748米满五唯一电梯房新上房源,220万元,42307元/㎡
江南星座-中兴二手房出售-春晓路529号,2室2厅1卫,50㎡,南向,高层（共36层）,精装修,距离1号线江陵路729米唯一住房电梯房新上房源,110万元,22000元/㎡
东和云第-浦沿二手房出售-明德路350号,3室2厅1卫,86㎡,南北向,中层（共32层）,豪华装修,距离4号线浦沿819米满五唯一电梯房新上房源,314万元,36175元/㎡
"钱塘大观-浦沿二手房出售-闻涛路,近新和路",2室1厅1卫,32㎡,南北向,高层（共15层）,简单装修,满五唯一电梯房新上房源,80万元,25000元/㎡
钱江公寓-其他二手房出售-七堡直街12号,1室1厅1卫,45㎡,南向,低层（共32层）,精装修,满两年电梯房新上房源,123.5万元,27444元/㎡
中赢云际-中兴二手房出售-江晖路1062号,2室2厅2卫,45㎡,南向,中层（共20层）,精装修,距离1号线滨和路748米满五唯一电梯房新上房源,155万元,34444元/㎡
中赢云际-中兴二手房出售-江晖路1062号,2室2厅2卫,42㎡,南向,中层（共22层）,精装修,距离1号线滨和路748米满五唯一电梯房新上房源,145万元,34523元/㎡
